,0
0,Italy's Financial Crisis: 6 Buying Opportunities
1,3 Blue Chip Stocks Selling at Bargain Prices
2,Advertisers Sticking to Facebook: Publicis CEO
3,5 Consumer Stocks Ready for Big Rebounds
4,"P&G's Tastad Calls Multi-Cultural Marketing, Marketing for Today "
5,Warren Buffett's 10 Big Stock Losers
6,"P&G Ends its YouTube Advertising Boycott, But With a Catch"
7,P&G Vows More Change Coming After $4.2 Billion Acquisition
8,P&G Would Be Better Off Sticking To Niche Takeovers: Sutherland
9,Procter & Gamble Gobbles Up a Growth Supplement Pill
10,P&G to Buy German Mercks Consumer Unit for $4.2 Billion
11,Consumer Staples Giants Should Be Valued Like Risky Bonds
12,"Costco's Squeeze on Suppliers Signifies Pain for P&G, Nestle"
